Bird_ID,Date,Days_Old,Elevation,Binocularity,Session
1,30th Jan,14,0,-11,1
1,30th Jan,14,10,-1,1
1,30th Jan,14,20,0,1
1,30th Jan,14,30,8,1
1,30th Jan,14,40,14,1
1,30th Jan,14,60,28,1
1,30th Jan,14,80,32,1
1,30th Jan,14,100,46,1
1,3rd Feb,18,10,-19,2
1,3rd Feb,18,30,-6,2
1,3rd Feb,18,50,0,2
1,3rd Feb,18,70,15,2
1,3rd Feb,18,90,30,2
1,3rd Feb,18,100,45,2
1,5th Feb,20,4,-5,3
1,5th Feb,20,24,1,3
1,5th Feb,20,44,15,3
1,5th Feb,20,64,28,3
1,5th Feb,20,84,40,3
1,5th Feb,20,104,49,3
1,5th Feb,20,124,54,3
1,10th Feb,25,-24,-4,4
1,10th Feb,25,-4,1,4
1,10th Feb,25,16,6,4
1,10th Feb,25,36,15,4
1,10th Feb,25,56,22,4
1,10th Feb,25,76,27,4
1,10th Feb,25,96,43,4
1,10th Feb,25,116,46,4
1,10th Feb,25,136,49,4
1,11th Feb,26,-5,-15,5
1,11th Feb,26,15,5,5
1,11th Feb,26,35,18,5
1,11th Feb,26,55,30,5
1,11th Feb,26,75,42,5
1,11th Feb,26,95,48,5
1,11th Feb,26,115,54,5
1,16th Feb,31,-10,-26,6
1,16th Feb,31,10,-15,6
1,16th Feb,31,30,8,6
1,16th Feb,31,50,22,6
1,16th Feb,31,70,33,6
1,16th Feb,31,90,45,6
1,16th Feb,31,110,52,6
1,18th Feb,33,-10,-26,7
1,18th Feb,33,10,-17,7
1,18th Feb,33,30,8,7
1,18th Feb,33,50,19,7
1,18th Feb,33,70,30,7
1,18th Feb,33,90,48,7
1,18th Feb,33,110,52,7
2,30th Jan,14,-25,0,1
2,30th Jan,14,-5,11,1
2,30th Jan,14,35,22,1
2,30th Jan,14,55,25,1
2,30th Jan,14,95,30,1
2,30th Jan,14,115,42,1
2,3rd Feb,18,10,-10,2
2,3rd Feb,18,30,-2,2
2,3rd Feb,18,50,19,2
2,3rd Feb,18,70,33,2
2,3rd Feb,18,90,40,2
2,3rd Feb,18,110,45,2
2,3rd Feb,18,130,52,2
2,10th Feb,25,-39,-9,4
2,10th Feb,25,-19,1,4
2,10th Feb,25,1,6,4
2,10th Feb,25,21,17,4
2,10th Feb,25,41,23,4
2,10th Feb,25,61,31,4
2,10th Feb,25,81,37,4
2,10th Feb,25,101,40,4
2,10th Feb,25,121,47,4
2,10th Feb,25,141,53,4
2,12th Feb,27,-10,-4,5
2,12th Feb,27,10,13,5
2,12th Feb,27,30,24,5
2,12th Feb,27,50,26,5
2,12th Feb,27,70,37,5
2,12th Feb,27,90,46,5
2,12th Feb,27,110,52,5
2,16th Feb,31,-30,-28,6
2,16th Feb,31,-15,0,6
2,16th Feb,31,5,8,6
2,16th Feb,31,25,13,6
2,16th Feb,31,45,24,6
2,16th Feb,31,65,34,6
2,16th Feb,31,85,45,6
2,16th Feb,31,105,51,6
2,18th Feb,33,-35,-6,7
2,18th Feb,33,-15,2,7
2,18th Feb,33,5,11,7
2,18th Feb,33,25,15,7
2,18th Feb,33,45,20,7
2,18th Feb,33,65,23,7
2,18th Feb,33,85,41,7
2,18th Feb,33,105,45,7
2,18th Feb,33,125,51,7
3,4th Feb,19,5,-9,2
3,4th Feb,19,25,-5,2
3,4th Feb,19,45,6,2
3,4th Feb,19,65,14,2
3,4th Feb,19,85,18,2
3,4th Feb,19,105,24,2
3,4th Feb,19,125,39,2
3,6th Feb,21,-3,-11,3
3,6th Feb,21,17,-4,3
3,6th Feb,21,37,1,3
3,6th Feb,21,57,9,3
3,6th Feb,21,77,24,3
3,6th Feb,21,97,28,3
3,6th Feb,21,117,39,3
3,12th Feb,27,-8,-6,5
3,12th Feb,27,12,3,5
3,12th Feb,27,32,10,5
3,12th Feb,27,52,19,5
3,12th Feb,27,72,38,5
3,12th Feb,27,92,48,5
3,12th Feb,27,112,53,5
3,16th Feb,31,-5,-6,6
3,16th Feb,31,15,1,6
3,16th Feb,31,35,9,6
3,16th Feb,31,55,21,6
3,16th Feb,31,75,27,6
3,16th Feb,31,95,33,6
3,16th Feb,31,115,51,6
3,16th Feb,31,135,54,6
3,18th Feb,33,-20,-15,7
3,18th Feb,33,0,-1,7
3,18th Feb,33,20,4,7
3,18th Feb,33,40,10,7
3,18th Feb,33,60,22,7
3,18th Feb,33,80,32,7
3,18th Feb,33,100,42,7
3,18th Feb,33,120,57,7
4,2nd Feb,17,15,-19,1
4,2nd Feb,17,35,-7,1
4,2nd Feb,17,75,8,1
4,2nd Feb,17,95,18,1
4,2nd Feb,17,115,35,1
4,4th Feb,19,-6,-7,2
4,4th Feb,19,14,-3,2
4,4th Feb,19,34,6,2
4,4th Feb,19,54,13,2
4,4th Feb,19,74,20,2
4,4th Feb,19,94,27,2
4,4th Feb,19,114,51,2
4,6th Feb,21,0,-8,3
4,6th Feb,21,20,1,3
4,6th Feb,21,40,6,3
4,6th Feb,21,60,10,3
4,6th Feb,21,80,21,3
4,6th Feb,21,100,26,3
4,6th Feb,21,120,49,3
4,11th Feb,26,0,-5,4
4,11th Feb,26,20,7,4
4,11th Feb,26,40,21,4
4,11th Feb,26,60,26,4
4,11th Feb,26,80,28,4
4,11th Feb,26,100,38,4
4,11th Feb,26,120,40,4
4,12th Feb,27,-10,-16,5
4,12th Feb,27,10,-8,5
4,12th Feb,27,30,7,5
4,12th Feb,27,50,19,5
4,12th Feb,27,70,28,5
4,12th Feb,27,90,32,5
4,12th Feb,27,110,43,5
4,17th Feb,32,-20,-20,6
4,17th Feb,32,0,-10,6
4,17th Feb,32,20,-6,6
4,17th Feb,32,40,7,6
4,17th Feb,32,60,21,6
4,17th Feb,32,80,33,6
4,17th Feb,32,100,39,6
4,20th Feb,35,-15,-13,7
4,20th Feb,35,5,-4,7
4,20th Feb,35,25,4,7
4,20th Feb,35,45,10,7
4,20th Feb,35,65,19,7
4,20th Feb,35,85,30,7
4,20th Feb,35,105,42,7
4,20th Feb,35,125,48,7
5,3rd Feb,18,26,-3,1
5,3rd Feb,18,46,10,1
5,3rd Feb,18,66,18,1
5,3rd Feb,18,86,24,1
5,3rd Feb,18,106,30,1
5,3rd Feb,18,126,40,1
5,4th Feb,19,-15,-6,2
5,4th Feb,19,5,1,2
5,4th Feb,19,25,7,2
5,4th Feb,19,45,15,2
5,4th Feb,19,65,21,2
5,4th Feb,19,85,29,2
5,4th Feb,19,105,40,2
5,9th Feb,24,-25,-2,3
5,9th Feb,24,-5,1,3
5,9th Feb,24,15,8,3
5,9th Feb,24,35,20,3
5,9th Feb,24,55,36,3
5,9th Feb,24,75,40,3
5,9th Feb,24,95,43,3
5,9th Feb,24,115,53,3
5,11th Feb,26,-30,-7,4
5,11th Feb,26,-10,1,4
5,11th Feb,26,10,6,4
5,11th Feb,26,30,9,4
5,11th Feb,26,50,16,4
5,11th Feb,26,70,32,4
5,11th Feb,26,90,37,4
5,11th Feb,26,110,48,4
5,12th Feb,27,-15,-12,5
5,12th Feb,27,5,3,5
5,12th Feb,27,25,8,5
5,12th Feb,27,45,20,5
5,12th Feb,27,65,35,5
5,12th Feb,27,85,44,5
5,12th Feb,27,105,55,5
5,17th Feb,32,-15,-7,6
5,17th Feb,32,5,5,6
5,17th Feb,32,25,14,6
5,17th Feb,32,45,25,6
5,17th Feb,32,65,30,6
5,17th Feb,32,85,45,6
5,17th Feb,32,105,59,6
5,20th Feb,35,-15,-10,7
5,20th Feb,35,5,-1,7
5,20th Feb,35,25,13,7
5,20th Feb,35,45,21,7
5,20th Feb,35,65,29,7
5,20th Feb,35,85,41,7
5,20th Feb,35,105,44,7
5,20th Feb,35,125,56,7
6,3rd Feb,18,5,-4,1
6,3rd Feb,18,25,1,1
6,3rd Feb,18,45,5,1
6,3rd Feb,18,65,16,1
6,3rd Feb,18,85,26,1
6,3rd Feb,18,125,52,1
6,4th Feb,19,-31,-10,2
6,4th Feb,19,-11,-3,2
6,4th Feb,19,9,8,2
6,4th Feb,19,29,14,2
6,4th Feb,19,49,21,2
6,4th Feb,19,69,28,2
6,4th Feb,19,89,36,2
6,4th Feb,19,109,45,2
6,6th Feb,21,0,-5,3
6,6th Feb,21,20,-1,3
6,6th Feb,21,40,5,3
6,6th Feb,21,60,18,3
6,6th Feb,21,80,22,3
6,6th Feb,21,100,37,3
6,6th Feb,21,120,46,3
6,11th Feb,26,0,-10,4
6,11th Feb,26,20,-3,4
6,11th Feb,26,40,5,4
6,11th Feb,26,60,18,4
6,11th Feb,26,80,29,4
6,11th Feb,26,100,37,4
6,11th Feb,26,120,44,4
6,13th Feb,28,-10,-11,5
6,13th Feb,28,10,2,5
6,13th Feb,28,30,5,5
6,13th Feb,28,50,8,5
6,13th Feb,28,70,21,5
6,13th Feb,28,90,36,5
6,13th Feb,28,110,45,5
6,17th Feb,32,0,-9,6
6,17th Feb,32,20,-3,6
6,17th Feb,32,40,7,6
6,17th Feb,32,60,21,6
6,17th Feb,32,80,30,6
6,17th Feb,32,100,41,6
6,20th Feb,35,15,-6,7
6,20th Feb,35,35,1,7
6,20th Feb,35,55,11,7
6,20th Feb,35,75,17,7
6,20th Feb,35,95,32,7
6,20th Feb,35,115,39,7
6,20th Feb,35,135,51,7
7,5th Feb,20,-25,-10,2
7,5th Feb,20,-5,-1,2
7,5th Feb,20,15,3,2
7,5th Feb,20,35,6,2
7,5th Feb,20,55,24,2
7,5th Feb,20,75,30,2
7,5th Feb,20,95,43,2
7,11th Feb,26,-10,-5,4
7,11th Feb,26,10,1,4
7,11th Feb,26,30,5,4
7,11th Feb,26,50,11,4
7,11th Feb,26,70,24,4
7,11th Feb,26,90,31,4
7,11th Feb,26,110,43,4
7,13th Feb,28,-20,-14,5
7,13th Feb,28,0,-9,5
7,13th Feb,28,20,1,5
7,13th Feb,28,40,7,5
7,13th Feb,28,60,19,5
7,13th Feb,28,80,31,5
7,13th Feb,28,100,45,5
7,18th Feb,33,-15,-7,6
7,18th Feb,33,5,3,6
7,18th Feb,33,25,7,6
7,18th Feb,33,45,16,6
7,18th Feb,33,65,21,6
7,18th Feb,33,85,33,6
7,18th Feb,33,105,47,6
7,20th Feb,35,-14,-7,7
7,20th Feb,35,6,6,7
7,20th Feb,35,26,18,7
7,20th Feb,35,46,21,7
7,20th Feb,35,66,28,7
7,20th Feb,35,86,37,7
7,20th Feb,35,106,46,7
7,20th Feb,35,126,53,7
8,5th Feb,20,-34,-2,2
8,5th Feb,20,-14,5,2
8,5th Feb,20,6,15,2
8,5th Feb,20,26,22,2
8,5th Feb,20,46,31,2
8,5th Feb,20,66,38,2
8,5th Feb,20,86,46,2
8,5th Feb,20,106,51,2
8,5th Feb,20,126,66,2
8,9th Feb,24,-32,2,3
8,9th Feb,24,-12,13,3
8,9th Feb,24,8,19,3
8,9th Feb,24,28,21,3
8,9th Feb,24,48,30,3
8,9th Feb,24,68,47,3
8,9th Feb,24,88,53,3
8,9th Feb,24,108,60,3
8,11th Feb,26,-30,-2,4
8,11th Feb,26,-10,4,4
8,11th Feb,26,10,17,4
8,11th Feb,26,30,21,4
8,11th Feb,26,50,30,4
8,11th Feb,26,70,39,4
8,11th Feb,26,90,48,4
8,11th Feb,26,110,54,4
8,13th Feb,28,-25,-3,5
8,13th Feb,28,-5,5,5
8,13th Feb,28,15,8,5
8,13th Feb,28,35,22,5
8,13th Feb,28,55,31,5
8,13th Feb,28,75,43,5
8,13th Feb,28,95,51,5
8,17th Feb,32,-15,-6,6
8,17th Feb,32,5,4,6
8,17th Feb,32,25,12,6
8,17th Feb,32,45,26,6
8,17th Feb,32,65,33,6
8,17th Feb,32,85,41,6
8,17th Feb,32,105,50,6
8,20th Feb,35,-22,-16,7
8,20th Feb,35,-2,-1,7
8,20th Feb,35,18,5,7
8,20th Feb,35,38,19,7
8,20th Feb,35,58,25,7
8,20th Feb,35,78,33,7
8,20th Feb,35,98,41,7
8,20th Feb,35,118,50,7
8,20th Feb,35,138,57,7
