Date,Age,Trial,Phase,Bird_ID,Arm,Choice,Entry_Time,Exit_Time,Halfway_Point,Contact_With_Bowl,Time_In_Arm
25th Nov,7,1,Pre-change,Chicken1,B,1,02:08:00,02:11:00,0,0,3
25th Nov,7,1,Pre-change,Chicken2,B,1,29:22:00,30:00:00,0,0,38
25th Nov,7,1,Pre-change,Chicken3,O,0,10:03:00,10:27:00,0,0,00:24:00
25th Nov,7,1,Pre-change,Chicken3,B,1,03:41:00,03:46:00,0,0,00:05:00
25th Nov,7,1,Pre-change,Chicken3,B,1,06:08:00,06:10:00,0,0,00:02:00
25th Nov,7,1,Pre-change,Chicken3,B,1,07:02:00,07:07:00,0,0,00:05:00
25th Nov,7,1,Pre-change,Chicken3,B,1,19:16:00,21:06:00,0,0,01:50:00
25th Nov,7,1,Pre-change,Chicken3,B,1,21:17:00,24:21:00,1,0,03:04:00
25th Nov,7,1,Pre-change,Chicken3,B,1,24:23:00,30:00:00,1,0,05:37:00
25th Nov,7,1,Pre-change,Chicken4,O,0,08:21:00,08:34:00,0,0,13
25th Nov,7,1,Pre-change,Chicken4,B,1,04:54:00,04:58:00,0,0,4
25th Nov,7,1,Pre-change,Chicken4,B,1,07:02:00,07:07:00,0,0,5
26th Nov,8,3,Pre-change,Chicken1,B,1,01:17:00,02:04:00,1,0,47
26th Nov,8,3,Pre-change,Chicken1,B,1,17:16:00,18:34:00,0,0,78
26th Nov,8,3,Pre-change,Chicken2,O,0,15:19:00,15:23:00,0,0,00:04:00
26th Nov,8,3,Pre-change,Chicken2,B,1,04:43:00,05:07:00,0,0,00:24:00
26th Nov,8,3,Pre-change,Chicken2,B,1,05:44:00,06:15:00,1,0,00:31:00
26th Nov,8,3,Pre-change,Chicken2,B,1,09:00:00,09:23:00,1,0,00:23:00
26th Nov,8,3,Pre-change,Chicken2,B,1,17:00:00,17:03:00,0,0,00:03:00
26th Nov,8,3,Pre-change,Chicken3,O,0,02:30:00,02:35:00,0,0,00:05:00
26th Nov,8,3,Pre-change,Chicken3,B,1,01:28:00,01:47:00,1,0,00:19:00
26th Nov,8,3,Pre-change,Chicken3,B,1,14:22:00,14:50:00,0,0,00:28:00
26th Nov,8,3,Pre-change,Chicken3,B,1,18:19:00,19:13:00,1,0,00:54:00
26th Nov,8,3,Pre-change,Chicken3,B,1,19:43:00,19:55:00,0,0,00:12:00
26th Nov,8,3,Pre-change,Chicken4,B,1,00:00:00,01:29:00,0,0,89
26th Nov,8,3,Pre-change,Chicken4,B,1,13:52:00,13:59:00,0,0,7
26th Nov,8,3,Pre-change,Chicken4,B,1,14:41:00,14:54:00,0,0,13
26th Nov,8,3,Pre-change,Chicken4,B,1,15:52:00,18:37:00,1,0,165
26th Nov,8,4,Pre-change,Chicken1,O,0,11:55:00,11:58:00,0,0,3
26th Nov,8,4,Pre-change,Chicken1,B,1,04:35:00,04:47:00,1,0,12
26th Nov,8,4,Pre-change,Chicken4,O,0,05:56:00,05:57:00,0,0,1
26th Nov,8,4,Pre-change,Chicken4,O,0,08:26:00,08:29:00,0,0,3
26th Nov,8,4,Pre-change,Chicken4,O,0,08:55:00,09:04:00,1,0,9
26th Nov,8,4,Pre-change,Chicken4,O,0,27:17:00,27:29:00,0,0,12
26th Nov,8,4,Pre-change,Chicken4,B,1,02:47:00,02:49:00,0,0,2
26th Nov,8,4,Pre-change,Chicken4,B,1,25:16:00,25:21:00,0,0,5
28th Nov,10,5,Pre-change,Chicken1,O,0,16:03:00,16:36:00,1,0,33
28th Nov,10,5,Pre-change,Chicken1,O,0,21:09:00,21:26:00,1,0,17
28th Nov,10,5,Pre-change,Chicken1,O,0,25:35:00,25:57:00,1,0,22
28th Nov,10,5,Pre-change,Chicken1,O,0,28:54:00,28:56:00,0,0,2
28th Nov,10,5,Pre-change,Chicken1,B,1,02:25:00,02:27:00,1,0,2
28th Nov,10,5,Pre-change,Chicken1,B,1,02:43:00,02:47:00,1,0,4
28th Nov,10,5,Pre-change,Chicken1,B,1,11:33:00,15:57:00,0,0,144
28th Nov,10,5,Pre-change,Chicken1,B,1,17:14:00,21:02:00,1,0,168
28th Nov,10,5,Pre-change,Chicken2,O,0,07:12:00,07:14:00,0,0,2
28th Nov,10,5,Pre-change,Chicken2,O,0,09:03:00,09:07:00,0,0,4
28th Nov,10,5,Pre-change,Chicken2,O,0,12:55:00,13:19:00,0,0,24
28th Nov,10,5,Pre-change,Chicken2,O,0,20:38:00,20:55:00,0,0,17
28th Nov,10,5,Pre-change,Chicken2,B,1,02:25:00,02:27:00,0,0,2
28th Nov,10,5,Pre-change,Chicken2,B,1,05:45:00,06:33:00,0,0,48
28th Nov,10,5,Pre-change,Chicken2,B,1,07:15:00,09:00:00,1,0,105
28th Nov,10,5,Pre-change,Chicken2,B,1,09:13:00,09:32:00,0,0,19
28th Nov,10,5,Pre-change,Chicken2,B,1,10:25:00,11:26:00,0,0,61
28th Nov,10,5,Pre-change,Chicken2,B,1,13:27:00,14:24:00,0,0,57
28th Nov,10,5,Pre-change,Chicken2,B,1,29:05:00,30:00:00,0,0,55
28th Nov,10,5,Pre-change,Chicken3,O,0,14:23:00,14:49:00,0,0,26
28th Nov,10,5,Pre-change,Chicken3,O,0,16:17:00,16:43:00,1,0,26
28th Nov,10,5,Pre-change,Chicken3,O,0,17:39:00,17:51:00,0,0,14
28th Nov,10,5,Pre-change,Chicken3,O,0,19:03:00,19:22:00,0,0,19
28th Nov,10,5,Pre-change,Chicken3,O,0,20:49,21:24,0,0,35
28th Nov,10,5,Pre-change,Chicken3,B,1,02:28:00,05:39,0,0,191
28th Nov,10,5,Pre-change,Chicken3,B,1,03:18:00,04:44:00,0,0,86
28th Nov,10,5,Pre-change,Chicken3,B,1,04:55:00,06:42:00,0,0,107
28th Nov,10,5,Pre-change,Chicken3,B,1,07:33:00,11:27:00,0,0,234
28th Nov,10,5,Pre-change,Chicken3,B,1,13:47:00,14:07:00,0,0,20
28th Nov,10,5,Pre-change,Chicken3,B,1,14:55:00,15:25:00,1,0,30
28th Nov,10,5,Pre-change,Chicken3,B,1,18:05:00,18:49:00,1,0,44
28th Nov,10,5,Pre-change,Chicken3,B,1,19:53,20:39,0,0,45
28th Nov,10,5,Pre-change,Chicken3,B,1,25:35:00,25:55:00,1,0,20
28th Nov,10,5,Pre-change,Chicken4,O,0,19:17:00,19:26:00,0,0,9
28th Nov,10,5,Pre-change,Chicken4,O,0,19:49:00,19:51:00,0,0,2
28th Nov,10,5,Pre-change,Chicken4,B,1,06:16:00,11:46:00,1,0,330
28th Nov,10,5,Pre-change,Chicken4,B,1,12:10:00,15:53:00,1,0,223
28th Nov,10,5,Pre-change,Chicken4,B,1,17:25:00,18:07:00,1,0,42
1st Dec,13,6,Pre-change,Chicken1,O,0,27:53:00,28:13:00,0,0,20
1st Dec,13,6,Pre-change,Chicken1,B,1,00:20:00,01:08:00,1,0,48
1st Dec,13,6,Pre-change,Chicken1,B,1,02:39:00,02:43:00,0,0,4
1st Dec,13,6,Pre-change,Chicken1,B,1,05:25:00,13:25:00,1,0,480
1st Dec,13,6,Pre-change,Chicken1,B,1,14:51:00,14:55:00,0,0,4
1st Dec,13,6,Pre-change,Chicken1,B,1,26:40:00,26:51:00,0,0,11
1st Dec,13,6,Pre-change,Chicken2,O,0,02:24:00,02:51:00,1,0,27
1st Dec,13,6,Pre-change,Chicken2,O,0,03:25:00,03:36:00,0,0,11
1st Dec,13,6,Pre-change,Chicken2,B,1,02:25:00,02:27:00,1,0,2
1st Dec,13,6,Pre-change,Chicken2,B,1,02:43:00,02:47:00,1,0,4
1st Dec,13,6,Pre-change,Chicken2,B,1,00:22,01:19:00,1,0,57
1st Dec,13,6,Pre-change,Chicken2,B,1,01:43:00,01:57:00,1,0,14
1st Dec,13,6,Pre-change,Chicken2,B,1,03:05:00,03:16:00,1,0,11
1st Dec,13,6,Pre-change,Chicken2,B,1,03:54:00,04:39:00,0,0,45
1st Dec,13,6,Pre-change,Chicken2,B,1,26:37:00,27:29:00,1,0,52
1st Dec,13,6,Pre-change,Chicken3,B,1,03:05:00,13:29:00,1,0,624
1st Dec,13,6,Pre-change,Chicken3,B,1,28:27:00,28:31:00,0,0,4
1st Dec,13,6,Pre-change,Chicken3,B,1,28:35:00,28:43:00,0,0,8
1st Dec,13,6,Pre-change,Chicken4,O,0,27:37:00,28:15:00,0,0,38
1st Dec,13,6,Pre-change,Chicken4,B,1,00:21:00,00:51:00,1,0,30
1st Dec,13,6,Pre-change,Chicken4,B,1,03:41:00,05:09:00,1,0,78
1st Dec,13,6,Pre-change,Chicken4,B,1,14:51:00,14:58:00,0,0,7
1st Dec,13,7,Pre-change,Chicken1,O,0,23:17:00,23:38:00,0,0,21
1st Dec,13,7,Pre-change,Chicken1,O,0,26:21:00,27:13:00,0,0,52
1st Dec,13,7,Pre-change,Chicken1,B,1,00:54:00,02:06:00,1,0,72
1st Dec,13,7,Pre-change,Chicken1,B,1,02:20:00,03:20:00,0,0,60
1st Dec,13,7,Pre-change,Chicken1,B,1,03:36:00,10:23:00,1,0,407
1st Dec,13,7,Pre-change,Chicken1,B,1,21:36:00,21:51:00,1,0,15
1st Dec,13,7,Pre-change,Chicken1,B,1,24:22:00,24:41:00,1,0,139
1st Dec,13,7,Pre-change,Chicken1,B,1,25:22:00,25:26:00,0,0,4
1st Dec,13,7,Pre-change,Chicken1,B,1,29:22:00,30:00:00,2,0,38
1st Dec,13,7,Pre-change,Chicken2,O,0,23:17:00,23:22:00,1,0,5
1st Dec,13,7,Pre-change,Chicken2,O,0,26:43:00,27:13:00,0,0,30
1st Dec,13,7,Pre-change,Chicken2,B,1,01:07:00,03:08:00,1,0,121
1st Dec,13,7,Pre-change,Chicken2,B,1,04:23:00,16:51:00,0,0,748
1st Dec,13,7,Pre-change,Chicken2,B,1,24:23:00,24:46:00,1,0,23
1st Dec,13,7,Pre-change,Chicken2,B,1,28:12:00,30:00:00,0,0,108
1st Dec,13,7,Pre-change,Chicken3,B,1,24:23:00,26:11:00,1,0,108
1st Dec,13,7,Pre-change,Chicken3,B,1,26:43:00,27:14:00,0,0,31
1st Dec,13,7,Pre-change,Chicken3,B,1,28:12:00,30:00:00,1,0,108
1st Dec,13,7,Pre-change,Chicken4,B,1,01:02:00,03:38:00,1,0,156
1st Dec,13,7,Pre-change,Chicken4,B,1,26:37:00,27:11:00,0,0,35
2nd Dec,14,8,Pre-change,Chicken1,B,1,15:43:00,27:31:00,0,0,708
2nd Dec,14,8,Pre-change,Chicken3,B,1,02:56:00,03:00:00,0,0,4
2nd Dec,14,8,Pre-change,Chicken4,B,1,02:46:00,03:47:00,1,0,61
2nd Dec,14,9,Pre-change,Chicken1,O,0,19:26:00,20:04:00,1,0,38
2nd Dec,14,9,Pre-change,Chicken1,B,1,01:22:00,01:36:00,0,0,14
2nd Dec,14,9,Pre-change,Chicken1,B,1,02:21:00,03:13:00,0,0,52
2nd Dec,14,9,Pre-change,Chicken1,B,1,04:00:00,12:06:00,1,0,484
2nd Dec,14,9,Pre-change,Chicken1,B,1,12:32:00,13:34:00,0,0,62
2nd Dec,14,9,Pre-change,Chicken1,B,1,19:00:00,19:11:00,0,0,11
2nd Dec,14,9,Pre-change,Chicken1,B,1,20:17:00,22:33:00,0,0,136
2nd Dec,14,9,Pre-change,Chicken1,B,1,24:51:00,26:58:00,1,0,127
2nd Dec,14,9,Pre-change,Chicken2,O,0,03:40:00,03:52:00,0,0,12
2nd Dec,14,9,Pre-change,Chicken2,B,1,07:19:00,11:26:00,1,0,247
2nd Dec,14,9,Pre-change,Chicken2,B,1,19:07:00,20:24:00,0,0,77
2nd Dec,14,9,Pre-change,Chicken2,B,1,25:04:00,28:21:00,1,0,197
2nd Dec,14,9,Pre-change,Chicken3,O,0,27:09:00,27:39:00,1,0,30
2nd Dec,14,9,Pre-change,Chicken3,B,1,02:24:00,03:21:00,0,0,57
2nd Dec,14,9,Pre-change,Chicken3,B,1,04:08:00,11:14:00,1,0,426
2nd Dec,14,9,Pre-change,Chicken3,B,1,12:39:00,13:41:00,1,0,62
2nd Dec,14,9,Pre-change,Chicken3,B,1,16:17:00,17:14:00,0,0,57
2nd Dec,14,9,Pre-change,Chicken4,O,0,07:11:00,07:13:00,0,0,2
2nd Dec,14,9,Pre-change,Chicken4,B,1,04:14:00,04:45:00,1,0,31
2nd Dec,14,9,Pre-change,Chicken4,B,1,04:49:00,05:47:00,1,0,58
2nd Dec,14,9,Pre-change,Chicken4,B,1,07:57:00,11:19:00,1,0,202
2nd Dec,14,9,Pre-change,Chicken4,B,1,12:52:00,13:58:00,1,0,66
2nd Dec,14,9,Pre-change,Chicken4,B,1,15:40:00,17:02:00,1,0,82
2nd Dec,14,9,Pre-change,Chicken4,B,1,17:58:00,18:07:00,0,0,9
2nd Dec,14,9,Pre-change,Chicken4,B,1,18:36:00,24:50:00,0,0,374
2nd Dec,14,9,Pre-change,Chicken4,B,1,27:02:00,28:11:00,0,0,69
2nd Dec,14,9,Pre-change,Chicken4,B,1,28:37:00,30:00:00,0,0,83
3rd Dec,15,10,Pre-change,Chicken1,O,0,21:29:00,21:38:00,1,0,9
3rd Dec,15,10,Pre-change,Chicken1,O,0,24:35:00,24:38:00,0,0,3
3rd Dec,15,10,Pre-change,Chicken1,B,1,21:01:00,21:05:00,0,0,4
3rd Dec,15,10,Pre-change,Chicken1,B,1,28:00:00,28:14:00,0,0,14
3rd Dec,15,10,Pre-change,Chicken2,B,1,21:06:00,21:19:00,1,0,13
3rd Dec,15,10,Pre-change,Chicken3,B,1,22:41:00,23:01:00,1,0,20
3rd Dec,15,10,Pre-change,Chicken4,O,0,24:46:00,25:00:00,0,0,14
3rd Dec,15,10,Pre-change,Chicken4,B,1,21:24:00,24:57:00,0,0,214
3rd Dec,15,10,Pre-change,Chicken4,B,1,24:41:00,24:43:00,0,0,2
3rd Dec,15,11,Pre-change,Chicken1,O,0,20:11:00,24:05:00,0,0,234
3rd Dec,15,11,Pre-change,Chicken1,O,0,24:41:00,30:00:00,1,0,319
3rd Dec,15,11,Pre-change,Chicken1,B,1,00:56:00,01:03:00,0,0,7
3rd Dec,15,11,Pre-change,Chicken1,B,1,04:22:00,04:23:00,0,0,1
3rd Dec,15,11,Pre-change,Chicken1,B,1,09:02:00,09:28:00,1,0,26
3rd Dec,15,11,Pre-change,Chicken2,O,0,01:43:00,02:47:00,0,0,64
3rd Dec,15,11,Pre-change,Chicken2,O,0,20:21:00,26:31:00,0,0,370
3rd Dec,15,11,Pre-change,Chicken2,O,0,27:33:00,30:00:00,0,0,147
3rd Dec,15,11,Pre-change,Chicken2,B,1,01:12:00,01:33:00,0,0,19
3rd Dec,15,11,Pre-change,Chicken2,B,1,03:21:00,03:25:00,0,0,4
3rd Dec,15,11,Pre-change,Chicken2,B,1,09:11:00,09:33:00,0,0,22
3rd Dec,15,11,Pre-change,Chicken3,B,1,01:23:00,01:52:00,0,0,29
3rd Dec,15,11,Pre-change,Chicken3,B,1,02:18:00,02:37:00,1,0,19
3rd Dec,15,11,Pre-change,Chicken3,B,1,09:23:00,10:13:00,1,0,50
3rd Dec,15,11,Pre-change,Chicken3,B,1,19:56:00,21:06:00,1,0,70
3rd Dec,15,11,Pre-change,Chicken3,B,1,21:15:00,21:16:00,1,0,1
3rd Dec,15,11,Pre-change,Chicken3,B,1,21:37:00,21:46:00,1,0,9
3rd Dec,15,11,Pre-change,Chicken3,B,1,23:16:00,23:29:00,0,0,13
3rd Dec,15,11,Pre-change,Chicken3,O,0,23:51:00,24:26:00,1,0,35
3rd Dec,15,11,Pre-change,Chicken4,O,0,24:26:00,26:40:00,1,0,134
3rd Dec,15,11,Pre-change,Chicken4,O,0,28:06:00,30:00:00,1,0,114
3rd Dec,15,11,Pre-change,Chicken4,B,1,01:12:00,01:33:00,1,0,21
3rd Dec,15,11,Pre-change,Chicken4,B,1,09:31:00,09:35:00,1,0,4
3rd Dec,15,11,Pre-change,Chicken4,B,1,20:32,21:55:00,0,0,83
3rd Dec,15,11,Pre-change,Chicken4,B,1,22:39:00,23:44:00,1,0,65
3rd Dec,15,11,Pre-change,Chicken4,B,1,26:41:00,27:13:00,0,0,32
4th Dec,16,12,Pre-change,Chicken1,O,0,08:54:00,09:43:00,1,0,49
4th Dec,16,12,Pre-change,Chicken1,O,0,13:00:00,13:15:00,0,0,15
4th Dec,16,12,Pre-change,Chicken1,O,0,21:17:00,21:34:00,0,0,17
4th Dec,16,12,Pre-change,Chicken1,O,0,24:07:00,24:28:00,0,0,21
4th Dec,16,12,Pre-change,Chicken1,O,0,25:38:00,26:19:00,0,0,41
4th Dec,16,12,Pre-change,Chicken1,O,0,26:53:00,28:08:00,1,0,75
4th Dec,16,12,Pre-change,Chicken1,B,1,06:59:00,07:35:00,0,0,36
4th Dec,16,12,Pre-change,Chicken1,B,1,08:42:00,08:43:00,0,0,1
4th Dec,16,12,Pre-change,Chicken1,B,1,20:00:00,20:20:00,0,0,20
4th Dec,16,12,Pre-change,Chicken1,B,1,23:32:00,23:40:00,0,0,8
4th Dec,16,12,Pre-change,Chicken1,B,1,25:25:00,25:32:00,0,0,7
4th Dec,16,12,Pre-change,Chicken1,B,1,28:21:00,28:37:00,1,0,16
4th Dec,16,12,Pre-change,Chicken2,O,0,02:57:00,03:04:00,0,0,7
4th Dec,16,12,Pre-change,Chicken2,O,0,08:55:00,09:10:00,0,0,15
4th Dec,16,12,Pre-change,Chicken2,O,0,18:43:00,20:28:00,1,0,105
4th Dec,16,12,Pre-change,Chicken2,B,1,02:38:00,02:39,0,0,1
4th Dec,16,12,Pre-change,Chicken2,B,1,20:51:00,20:57:00,0,0,6
4th Dec,16,12,Pre-change,Chicken2,B,1,21:32:00,21:55,1,0,23
4th Dec,16,12,Pre-change,Chicken2,B,1,23:19:00,23:35,0,0,16
4th Dec,16,12,Pre-change,Chicken2,B,1,25:07:00,25:49:00,0,0,42
4th Dec,16,12,Pre-change,Chicken2,B,1,26:43:00,27:12:00,1,0,29
4th Dec,16,12,Pre-change,Chicken3,B,1,06:51:00,07:01:00,0,0,10
4th Dec,16,12,Pre-change,Chicken3,B,1,10:02:00,10:05:00,0,0,3
4th Dec,16,12,Pre-change,Chicken3,B,1,20:08:00,20:39:00,1,0,31
4th Dec,16,12,Pre-change,Chicken3,B,1,21:37:00,21:46:00,1,0,9
4th Dec,16,12,Pre-change,Chicken3,B,1,23:16:00,23:29:00,0,0,13
4th Dec,16,12,Pre-change,Chicken3,B,1,24:37:00,25:08:00,1,0,31
4th Dec,16,12,Pre-change,Chicken3,O,0,26:31:00,27:12:00,1,0,41
4th Dec,16,12,Pre-change,Chicken3,B,1,28:33:00,28:47:00,0,0,14
4th Dec,16,12,Pre-change,Chicken3,B,1,29:38:00,29:42:00,0,0,4
4th Dec,16,12,Pre-change,Chicken4,B,1,07:18:00,07:25:00,0,0,7
4th Dec,16,12,Pre-change,Chicken4,B,1,08:15:00,08:23:00,1,0,8
4th Dec,16,12,Pre-change,Chicken4,B,1,09:27:00,09:35:00,0,0,8
4th Dec,16,12,Pre-change,Chicken4,B,1,19:47:00,20:12:00,0,0,25
4th Dec,16,12,Pre-change,Chicken4,B,1,23:48:00,23:52:00,0,0,4
4th Dec,16,12,Pre-change,Chicken4,B,1,24:20:00,26:27:00,1,0,127
4th Dec,16,13,Pre-change,Chicken1,O,0,01:46:00,02:11,1,0,25
4th Dec,16,13,Pre-change,Chicken1,O,0,02:40,04:11,1,0,91
4th Dec,16,13,Pre-change,Chicken1,B,1,02:03:00,02:27,1,0,
4th Dec,16,13,Pre-change,Chicken1,B,1,04:11,04:45,1,0,34
4th Dec,16,13,Pre-change,Chicken1,B,1,25:07:00,25:12:00,0,0,5
4th Dec,16,13,Pre-change,Chicken1,B,1,27:06:00,27:12:00,0,0,6
4th Dec,16,13,Pre-change,Chicken2,O,0,03:49:00,04:01:00,1,0,12
4th Dec,16,13,Pre-change,Chicken2,O,0,27:19:00,27:54:00,1,0,35
4th Dec,16,13,Pre-change,Chicken2,B,1,04:22:00,04:45:00,0,0,23
4th Dec,16,13,Pre-change,Chicken2,B,1,09:36:00,09:37:00,0,0,1
4th Dec,16,13,Pre-change,Chicken3,B,1,00:17:00,00:19:00,0,0,2
4th Dec,16,13,Pre-change,Chicken3,B,1,02:17:00,02:18:00,1,0,1
4th Dec,16,13,Pre-change,Chicken3,B,1,26:29:00,26:44:00,0,0,15
4th Dec,16,13,Pre-change,Chicken4,O,0,03:39:00,04:01:00,1,0,22
4th Dec,16,13,Pre-change,Chicken4,B,1,04:28:00,04:45:00,1,0,17
4th Dec,16,13,Pre-change,Chicken4,B,1,26:29:00,26:44:00,0,0,15
4th Dec,16,13,Pre-change,Chicken4,B,1,27:20:00,03:29:00,0,0,9
5th Dec,17,14,Pre-change,Chicken1,B,1,08:54:00,09:25,0,0,31
5th Dec,17,14,Pre-change,Chicken1,B,1,10:54:00,12:40,1,0,106
5th Dec,17,14,Pre-change,Chicken1,B,1,15:59:00,16:05,1,0,6
5th Dec,17,14,Pre-change,Chicken1,B,1,18:27:00,19:13,0,0,46
5th Dec,17,14,Pre-change,Chicken1,B,1,24:55:00,24:57:00,0,0,2
5th Dec,17,14,Pre-change,Chicken2,O,0,25:13:00,25:20:00,0,0,7
5th Dec,17,14,Pre-change,Chicken2,B,1,06:45:00,07:02,0,0,17
5th Dec,17,14,Pre-change,Chicken2,B,1,07:22:00,07:35:00,0,0,13
5th Dec,17,14,Pre-change,Chicken2,B,1,08:44:00,09:36:00,0,0,52
5th Dec,17,14,Pre-change,Chicken2,B,1,20:18:00,20:39:00,0,0,21
5th Dec,17,14,Pre-change,Chicken2,B,1,24:58:00,25:03:00,0,0,5
5th Dec,17,14,Pre-change,Chicken2,B,1,26:05:00,26:12:00,0,0,7
5th Dec,17,14,Pre-change,Chicken3,O,0,09:01:00,09:25:00,0,0,24
5th Dec,17,14,Pre-change,Chicken3,B,1,07:26:00,07:37,1,0,11
5th Dec,17,14,Pre-change,Chicken3,B,1,11:11:00,11:48:00,0,0,97
5th Dec,17,14,Pre-change,Chicken3,B,1,13:18:00,13:20:00,0,0,2
5th Dec,17,14,Pre-change,Chicken3,B,1,13:39:00,15:41:00,0,0,122
5th Dec,17,14,Pre-change,Chicken3,B,1,18:10:00,18:15:00,0,0,5
5th Dec,17,14,Pre-change,Chicken4,B,1,07:30:00,07:34:00,1,0,4
5th Dec,17,14,Pre-change,Chicken4,B,1,09:11:00,09:31:00,0,0,20
5th Dec,17,14,Pre-change,Chicken4,B,1,19:04:00,20:43:00,1,0,99
5th Dec,17,14,Pre-change,Chicken4,B,1,21:01:00,21:13:00,0,0,12
5th Dec,17,15,Pre-change,Chicken1,O,0,22:46:00,22:49,0,0,3
5th Dec,17,15,Pre-change,Chicken1,B,1,01:08:00,01:34,0,0,26
5th Dec,17,15,Pre-change,Chicken1,B,1,10:41:00,11:13,1,0,32
5th Dec,17,15,Pre-change,Chicken1,B,1,22:02:00,22:43,0,0,41
5th Dec,17,15,Pre-change,Chicken1,B,1,23:16:00,23:35,0,0,19
5th Dec,17,15,Pre-change,Chicken1,B,1,24:30:00,24:39:00,0,0,9
5th Dec,17,15,Pre-change,Chicken2,O,0,01:50:00,02:10,0,0,30
5th Dec,17,15,Pre-change,Chicken2,B,1,01:42:00,01:43:00,0,0,1
5th Dec,17,15,Pre-change,Chicken2,B,1,03:52:00,04:53,1,0,61
5th Dec,17,15,Pre-change,Chicken2,B,1,10:41:00,11:06:00,1,0,25
5th Dec,17,15,Pre-change,Chicken2,B,1,15:34:00,15:57:00,1,0,23
5th Dec,17,15,Pre-change,Chicken2,B,1,16:59:00,17:08:00,0,0,9
5th Dec,17,15,Pre-change,Chicken2,B,1,20:16:00,21:24:00,0,0,68
5th Dec,17,15,Pre-change,Chicken2,B,1,22:17:00,22:41:00,0,0,24
5th Dec,17,15,Pre-change,Chicken2,B,1,26:07:00,27:26:00,1,0,79
5th Dec,17,15,Pre-change,Chicken3,O,0,04:27:00,05:01,0,0,34
5th Dec,17,15,Pre-change,Chicken3,O,0,15:34:00,15:49:00,0,0,15
5th Dec,17,15,Pre-change,Chicken3,B,1,00:54:00,01:15:00,0,0,21
5th Dec,17,15,Pre-change,Chicken3,B,1,01:41:00,02:15:00,1,0,34
5th Dec,17,15,Pre-change,Chicken3,B,1,03:54:00,04:25,1,0,31
5th Dec,17,15,Pre-change,Chicken3,B,1,08:18:00,09:27:00,0,0,69
5th Dec,17,15,Pre-change,Chicken3,B,1,10:41:00,11:47:00,1,0,66
5th Dec,17,15,Pre-change,Chicken3,B,1,12:25:00,14:28:00,0,0,123
5th Dec,17,15,Pre-change,Chicken3,B,1,20:17:00,21:24:00,0,0,67
5th Dec,17,15,Pre-change,Chicken3,B,1,21:39:00,22:59:00,1,0,80
5th Dec,17,15,Pre-change,Chicken3,B,1,28:17:00,28:20:00,1,0,3
5th Dec,17,15,Pre-change,Chicken4,B,1,04:21:00,04:26:00,0,0,5
5th Dec,17,15,Pre-change,Chicken4,B,1,08:28,08:43:00,0,0,15
5th Dec,17,15,Pre-change,Chicken4,B,1,10:29:00,10:37:00,0,0,8
5th Dec,17,15,Pre-change,Chicken4,B,1,10:41:00,11:52:00,1,0,71
5th Dec,17,15,Pre-change,Chicken4,B,1,16:46:00,17:12:00,0,0,26
5th Dec,17,15,Pre-change,Chicken4,B,1,22:25:00,23:03:00,0,0,38
5th Dec,17,15,Pre-change,Chicken4,B,1,26:50:00,27:05:00,1,0,15
8th Dec,20,16,Post-change,Chicken1,O,0,00:06:00,00:38,0,0,
8th Dec,20,16,Post-change,Chicken1,O,0,01:43:00,01:56,1,0,13
8th Dec,20,16,Post-change,Chicken1,O,0,08:59:00,09:19,1,0,20
8th Dec,20,16,Post-change,Chicken1,O,0,10:50,11:00,1,0,10
8th Dec,20,16,Post-change,Chicken1,O,0,13:03,14:11,0,0,68
8th Dec,20,16,Post-change,Chicken1,O,0,20:35:00,22:42,1,0,127
8th Dec,20,16,Post-change,Chicken1,O,0,23:28:00,23:55,0,0,27
8th Dec,20,16,Post-change,Chicken1,O,0,24:39:00,28:58:00,0,0,259
8th Dec,20,16,Post-change,Chicken1,B,1,06:24,06:51,0,0,27
8th Dec,20,16,Post-change,Chicken1,B,1,08:40:00,08:49,1,0,9
8th Dec,20,16,Post-change,Chicken2,O,0,00:07:00,00:20,0,0,13
8th Dec,20,16,Post-change,Chicken2,O,0,03:05:00,03:12:00,0,0,7
8th Dec,20,16,Post-change,Chicken2,O,0,05:55:00,06:05:00,1,0,10
8th Dec,20,16,Post-change,Chicken2,O,0,08:59:00,09:14:00,1,0,15
8th Dec,20,16,Post-change,Chicken2,O,0,11:38:00,12:04:00,1,0,26
8th Dec,20,16,Post-change,Chicken2,O,0,21:41:00,22:54:00,1,0,73
8th Dec,20,16,Post-change,Chicken2,O,0,23:39:00,24:00:00,0,0,21
8th Dec,20,16,Post-change,Chicken2,B,1,05:25:00,05:37:00,1,0,12
8th Dec,20,16,Post-change,Chicken2,B,1,20:51:00,21:10:00,0,0,19
8th Dec,20,16,Post-change,Chicken3,O,0,02:19:00,02:34:00,1,0,15
8th Dec,20,16,Post-change,Chicken3,O,0,03:35:00,03:44:00,1,0,9
8th Dec,20,16,Post-change,Chicken3,O,0,08:59:00,09:10:00,0,0,11
8th Dec,20,16,Post-change,Chicken3,O,0,09:47:00,09:55:00,1,0,8
8th Dec,20,16,Post-change,Chicken3,O,0,11:52:00,11:59:00,0,0,7
8th Dec,20,16,Post-change,Chicken3,O,0,20:32:00,20:52,1,0,20
8th Dec,20,16,Post-change,Chicken3,O,0,24:35:00,24:47:00,0,0,12
8th Dec,20,16,Post-change,Chicken3,B,1,09:32:00,09:36:00,1,0,4
8th Dec,20,16,Post-change,Chicken3,B,1,20:07:00,20:21,1,0,14
8th Dec,20,16,Post-change,Chicken4,O,0,00:06:00,00:29,0,0,23
8th Dec,20,16,Post-change,Chicken4,O,0,01:41:00,01:56:00,1,0,15
8th Dec,20,16,Post-change,Chicken4,O,0,02:54:00,03:19:00,1,0,25
8th Dec,20,16,Post-change,Chicken4,O,0,03:42:00,04:02:00,1,0,20
8th Dec,20,16,Post-change,Chicken4,O,0,05:28:00,05:35:00,0,0,7
8th Dec,20,16,Post-change,Chicken4,O,0,05:55:00,06:20:00,1,0,25
8th Dec,20,16,Post-change,Chicken4,O,0,07:34,08:02:00,1,0,28
8th Dec,20,16,Post-change,Chicken4,O,0,08:52:00,09:15,1,0,23
8th Dec,20,16,Post-change,Chicken4,O,0,09:59:00,10:55:00,1,0,56
8th Dec,20,16,Post-change,Chicken4,O,0,25:37:00,29:02:00,1,0,205
8th Dec,20,16,Post-change,Chicken4,B,1,19:41:00,20:25:00,1,0,44
8th Dec,20,17,Post-change,Chicken1,O,0,12:41:00,13:28,1,0,47
8th Dec,20,17,Post-change,Chicken2,O,0,13:03:00,13:08,0,0,5
8th Dec,20,17,Post-change,Chicken3,O,0,11:11:00,11:20:00,0,0,9
8th Dec,20,17,Post-change,Chicken3,O,0,12:30:00,13:11:00,1,0,41
8th Dec,20,17,Post-change,Chicken4,O,0,09:02:00,09:28:00,1,0,26
8th Dec,20,17,Post-change,Chicken4,O,0,10:51:00,11:23:00,0,0,32
8th Dec,20,17,Post-change,Chicken4,O,0,12:46:00,14:31:00,1,0,45
9th Dec,21,18,Post-change,Chicken1,O,0,00:58:00,05:50,0,0,292
9th Dec,21,18,Post-change,Chicken2,O,0,00:58:00,01:13,0,0,15
9th Dec,21,18,Post-change,Chicken2,B,1,21:43:00,22:03:00,0,0,20
9th Dec,21,18,Post-change,Chicken3,B,1,09:41:00,09:43:00,1,0,2
9th Dec,21,18,Post-change,Chicken4,O,0,05:02:00,05:12,0,0,10
9th Dec,21,19,Post-change,Chicken1,O,0,16:27:00,16:29,0,0,2
9th Dec,21,19,Post-change,Chicken1,O,0,22:51,23:08,0,0,17
9th Dec,21,19,Post-change,Chicken2,O,0,18:20:00,18:45:00,1,0,25
9th Dec,21,19,Post-change,Chicken2,O,0,22:28:00,22:50:00,0,0,22
9th Dec,21,19,Post-change,Chicken2,B,1,18:14:00,18:19:00,0,0,5
9th Dec,21,19,Post-change,Chicken2,B,1,19:05,19:18,1,0,13
9th Dec,21,19,Post-change,Chicken3,O,0,01:31:00,01:34:00,0,0,3
9th Dec,21,19,Post-change,Chicken3,O,0,19:50:00,19:53:00,0,0,3
9th Dec,21,19,Post-change,Chicken3,O,0,23:11:00,23:33:00,1,0,22
9th Dec,21,19,Post-change,Chicken3,B,1,20:07:00,20:18:00,0,0,11
9th Dec,21,19,Post-change,Chicken3,B,1,26:19:00,26:44:00,1,0,25
10th Dec,22,20,Post-change,Chicken1,O,0,00:56:00,01:16:00,1,0,20
10th Dec,22,20,Post-change,Chicken1,B,1,01:20:00,01:26:00,0,0,6
10th Dec,22,20,Post-change,Chicken1,B,1,07:50:00,09:01:00,0,0,71
10th Dec,22,20,Post-change,Chicken1,B,1,11:12:00,12:02:00,0,0,50
10th Dec,22,20,Post-change,Chicken1,B,1,12:57:00,13:07:00,0,0,10
10th Dec,22,20,Post-change,Chicken1,B,1,29:13:00,29:48:00,1,0,35
10th Dec,22,20,Post-change,Chicken2,O,0,00:11:00,00:26:00,0,0,15
10th Dec,22,20,Post-change,Chicken2,O,0,19:18:00,19:22:00,0,0,4
10th Dec,22,20,Post-change,Chicken3,B,1,00:56:00,01:40:00,1,0,44
10th Dec,22,20,Post-change,Chicken3,B,1,02:44:00,03:49:00,1,0,65
10th Dec,22,20,Post-change,Chicken3,B,1,05:50:00,06:37:00,0,0,47
10th Dec,22,20,Post-change,Chicken3,B,1,07:39:00,09:01:00,1,0,0
10th Dec,22,20,Post-change,Chicken3,B,1,09:51:00,10:25:00,1,0,34
10th Dec,22,20,Post-change,Chicken3,B,1,21:43:00,22:04:00,0,0,21
10th Dec,22,21,Post-change,Chicken1,O,0,00:26:00,00:35:00,1,0,9
10th Dec,22,21,Post-change,Chicken1,B,1,01:51:00,02:12:00,0,0,21
10th Dec,22,21,Post-change,Chicken2,O,0,01:59:00,02:05:00,1,0,6
11th Dec,23,22,Post-change,Chicken1,B,1,06:27:00,06:46:00,1,0,19
11th Dec,23,22,Post-change,Chicken1,B,1,09:02:00,09:51:00,1,0,49
11th Dec,23,22,Post-change,Chicken1,B,1,16:58:00,17:07:00,1,0,9
11th Dec,23,22,Post-change,Chicken2,O,0,15:30:00,15:51:00,0,0,21
11th Dec,23,22,Post-change,Chicken2,B,1,17:56:00,19:30:00,0,0,94
11th Dec,23,22,Post-change,Chicken2,B,1,22:32:00,22:36:00,1,0,4
11th Dec,23,22,Post-change,Chicken2,B,1,29:15:00,29:30:00,0,0,15
11th Dec,23,22,Post-change,Chicken3,O,0,11:36:00,11:39:00,0,0,3
11th Dec,23,22,Post-change,Chicken3,O,0,29:43:00,29:46:00,0,0,3
11th Dec,23,22,Post-change,Chicken3,B,1,04:35:00,04:50:00,0,0,15
11th Dec,23,22,Post-change,Chicken4,B,1,03:20,03:36,0,0,16
11th Dec,23,22,Post-change,Chicken4,B,1,17:56:00,20:27:00,1,0,151
11th Dec,23,23,Post-change,Chicken1,O,0,07:42:00,07:55:00,0,0,13
11th Dec,23,23,Post-change,Chicken1,B,1,00:13:00,00:32:00,0,0,19
11th Dec,23,23,Post-change,Chicken1,B,1,07:10:00,07:22:00,1,0,12
11th Dec,23,23,Post-change,Chicken1,B,1,08:17:00,08:31,1,0,14
11th Dec,23,23,Post-change,Chicken1,B,1,11:23:00,11:43:00,0,0,20
11th Dec,23,23,Post-change,Chicken2,O,0,09:13:00,09:41:00,1,0,28
11th Dec,23,23,Post-change,Chicken2,O,0,16:11:00,16:26:00,0,0,15
11th Dec,23,23,Post-change,Chicken2,O,0,27:04:00,27:59:00,1,0,55
11th Dec,23,23,Post-change,Chicken2,B,1,00:54:00,01:10:00,0,0,16
11th Dec,23,23,Post-change,Chicken2,B,1,03:34:00,03:58:00,1,0,24
11th Dec,23,23,Post-change,Chicken2,B,1,07:59:00,08:06:00,0,0,7
11th Dec,23,23,Post-change,Chicken2,B,1,12:08,13:29:00,1,0,81
11th Dec,23,23,Post-change,Chicken2,B,1,17:28:00,19:07:00,0,0,99
11th Dec,23,23,Post-change,Chicken2,B,1,20:49:00,25:26:00,0,0,277
11th Dec,23,23,Post-change,Chicken3,O,0,10:40:00,11:32,1,0,52
11th Dec,23,23,Post-change,Chicken3,B,1,02:50:00,03:37:00,1,0,47
11th Dec,23,23,Post-change,Chicken3,B,1,06:20:00,06:54:00,1,0,34
11th Dec,23,23,Post-change,Chicken3,B,1,11:38:00,11:50,0,0,12
11th Dec,23,23,Post-change,Chicken3,B,1,16:41,16:47:00,0,0,6
11th Dec,23,23,Post-change,Chicken3,B,1,23:40:00,24:28:00,0,0,48
11th Dec,23,23,Post-change,Chicken4,O,0,01:06:00,01:20:00,0,0,14
11th Dec,23,23,Post-change,Chicken4,O,0,09:13,09:19:00,1,0,6
11th Dec,23,23,Post-change,Chicken4,O,0,11:58:00,12:12,0,0,14
11th Dec,23,23,Post-change,Chicken4,B,1,21:43:00,22:57:00,0,0,74
12th Dec,24,24,Post-change,Chicken1,O,0,19:02:00,19:20:00,0,0,18
12th Dec,24,24,Post-change,Chicken2,O,0,01:18:00,01:42:00,1,0,24
12th Dec,24,24,Post-change,Chicken2,O,0,04:45:00,06:13:00,0,0,88
12th Dec,24,24,Post-change,Chicken2,O,0,11:20:00,11:32:00,1,0,12
12th Dec,24,24,Post-change,Chicken2,O,0,13:02:00,13:37:00,1,0,35
12th Dec,24,24,Post-change,Chicken2,O,0,19:02,19:20,0,0,18
12th Dec,24,24,Post-change,Chicken2,B,1,00:25:00,00:48:00,1,0,23
12th Dec,24,24,Post-change,Chicken2,B,1,07:07:00,07:30:00,0,0,23
12th Dec,24,24,Post-change,Chicken2,B,1,15:04:00,15:15:00,1,0,11
12th Dec,24,24,Post-change,Chicken2,B,1,16:45:00,17:10:00,1,0,25
12th Dec,24,24,Post-change,Chicken2,B,1,23:40:00,24:12:00,0,0,32
12th Dec,24,24,Post-change,Chicken2,B,1,26:40:00,30:00:00,0,0,200
12th Dec,24,24,Post-change,Chicken3,O,0,03:19:00,03:34:00,1,0,15
12th Dec,24,24,Post-change,Chicken3,O,0,10:51:00,11:23:00,1,0,32
12th Dec,24,24,Post-change,Chicken3,O,0,13:13:00,13:37:00,1,0,24
12th Dec,24,24,Post-change,Chicken3,B,1,00:25:00,00:44:00,1,0,19
12th Dec,24,24,Post-change,Chicken3,B,1,15:44:00,16:53:00,0,0,69
12th Dec,24,24,Post-change,Chicken3,B,1,18:00:00,18:18:00,0,0,18
12th Dec,24,24,Post-change,Chicken3,B,1,21:52:00,22:30:00,1,0,38
12th Dec,24,24,Post-change,Chicken3,B,1,24:23:00,24:27:00,1,0,4
12th Dec,24,24,Post-change,Chicken4,O,0,00:56,01:52,1,0,56
12th Dec,24,24,Post-change,Chicken4,O,0,03:32,03:56,0,0,24
12th Dec,24,24,Post-change,Chicken4,O,0,10:58,11:36,0,0,38
12th Dec,24,24,Post-change,Chicken4,O,0,13:19:00,13:33:00,0,0,14
12th Dec,24,24,Post-change,Chicken4,O,0,20:56:00,21:11:00,0,0,75
12th Dec,24,24,Post-change,Chicken4,O,0,25:53:00,26:07:00,1,0,14
12th Dec,24,24,Post-change,Chicken4,B,1,10:35,10:59,0,0,24
12th Dec,24,24,Post-change,Chicken4,B,1,24:54:00,25:45:00,0,0,51
12th Dec,24,24,Post-change,Chicken4,B,1,28:07:00,30:00:00,1,0,113
25th Nov,7,2,Pre-change,Chicken2,B,1,30:40:00,30:50:00,1,1,10
25th Nov,7,2,Pre-change,Chicken3,B,1,06:05:00,07:28:00,1,1,01:23:00
26th Nov,8,3,Pre-change,Chicken1,B,1,11:35:00,13:45:00,1,1,130
26th Nov,8,3,Pre-change,Chicken1,B,1,15:22:00,16:32:00,1,1,70
26th Nov,8,3,Pre-change,Chicken2,B,1,01:27:00,01:38:00,1,1,00:11:00
26th Nov,8,3,Pre-change,Chicken2,B,1,02:13:00,02:16:00,1,1,00:03:00
26th Nov,8,3,Pre-change,Chicken4,B,1,11:37:00,13:45:00,1,1,118
26th Nov,8,4,Pre-change,Chicken1,O,0,12:19:00,12:21:00,1,1,2
26th Nov,8,4,Pre-change,Chicken4,O,0,12:18:00,12:31:00,1,1,13
28th Nov,10,5,Pre-change,Chicken1,B,1,01:19:00,01:46:00,1,1,27
28th Nov,10,5,Pre-change,Chicken1,B,1,26:10:00,N/A,1,1,N/A
28th Nov,10,5,Pre-change,Chicken2,B,1,01:19:00,01:46:00,1,1,27
28th Nov,10,5,Pre-change,Chicken2,B,1,11:31:00,12:43:00,1,1,72
1st Dec,13,6,Pre-change,Chicken1,B,1,03:04:00,04:03:00,1,1,59
1st Dec,13,6,Pre-change,Chicken1,B,1,04:37:00,05:10:00,1,1,33
1st Dec,13,6,Pre-change,Chicken2,B,1,01:19:00,01:46:00,1,1,27
1st Dec,13,6,Pre-change,Chicken2,B,1,05:29:00,13:31:00,1,1,482
1st Dec,13,6,Pre-change,Chicken3,B,1,00:21:00,01:10:00,1,1,49
1st Dec,13,6,Pre-change,Chicken3,B,1,26:34:00,26:56:00,1,1,22
1st Dec,13,6,Pre-change,Chicken4,B,1,01:35:00,02:26:00,1,1,51
1st Dec,13,6,Pre-change,Chicken4,B,1,05:29:00,12:10:00,1,1,401
1st Dec,13,7,Pre-change,Chicken3,B,1,00:52:00,15:55:00,1,1,903
1st Dec,13,7,Pre-change,Chicken4,B,1,05:05:00,14:26:00,1,1,561
2nd Dec,14,9,Pre-change,Chicken2,B,1,12:39:00,13:52,1,1,73
3rd Dec,15,11,Pre-change,Chicken1,O,0,01:12:00,01:33:00,1,1,21
3rd Dec,15,11,Pre-change,Chicken3,O,0,22:16:00,27:39:00,1,1,323
4th Dec,16,12,Pre-change,Chicken1,B,1,15:32:00,15:49:00,1,1,17
4th Dec,16,12,Pre-change,Chicken2,O,0,03:15:00,03:24:00,1,1,9
4th Dec,16,12,Pre-change,Chicken2,B,1,15:32:00,15:49:00,1,1,17
4th Dec,16,13,Pre-change,Chicken3,B,1,04:11:00,04:45:00,1,1,34
5th Dec,17,14,Pre-change,Chicken1,B,1,25:02:00,25:32:00,1,1,30
5th Dec,17,14,Pre-change,Chicken2,B,1,12:43:00,12:58:00,1,1,15
8th Dec,20,16,Post-change,Chicken2,B,1,19:55:00,20:27:00,1,1,32
8th Dec,20,16,Post-change,Chicken3,O,0,01:41:00,01:51:00,1,1,10
8th Dec,20,16,Post-change,Chicken3,B,1,05:39:00,05:44:00,1,1,5
8th Dec,20,16,Post-change,Chicken4,O,0,22:06:00,23:01:00,1,1,55
8th Dec,20,17,Post-change,Chicken2,O,0,08:42:00,08:57,0,1,15
9th Dec,21,18,Post-change,Chicken3,O,0,01:44:00,02:33,1,1,49
11th Dec,23,22,Post-change,Chicken1,O,0,04:40:00,04:48:00,1,1,8
11th Dec,23,22,Post-change,Chicken1,B,1,23:18:00,23:34:00,1,1,16
11th Dec,23,22,Post-change,Chicken2,B,1,01:34:00,02:07:00,1,1,33
11th Dec,23,22,Post-change,Chicken3,B,1,29:08:00,29:31:00,1,1,23
12th Dec,24,24,Post-change,Chicken1,B,1,16:58:00,17:20:00,1,1,22
12th Dec,24,24,Post-change,Chicken1,B,1,24:42:00,25:03:00,1,1,21
12th Dec,24,24,Post-change,Chicken3,O,0,01:26:00,02:58:00,1,1,92
12th Dec,24,24,Post-change,Chicken3,B,1,06:43:00,08:22:00,1,1,99
25th Nov,7,2,Pre-change,Chicken1,B,1,06:05:00,07:35:00,1,2,90
25th Nov,7,2,Pre-change,Chicken4,B,1,06:50:00,07:40:00,1,2,50
26th Nov,8,3,Pre-change,Chicken2,O,0,12:52:00,13:16:00,1,2,00:24:00
26th Nov,8,3,Pre-change,Chicken2,B,1,11:35:00,12:42:00,1,2,01:07:00
26th Nov,8,3,Pre-change,Chicken3,B,1,11:35:00,13:40:00,1,2,02:05:00
26th Nov,8,4,Pre-change,Chicken4,B,1,21:18:00,22:14,1,2,6
28th Nov,10,5,Pre-change,Chicken1,B,1,02:58:00,11:27:00,1,2,509
28th Nov,10,5,Pre-change,Chicken2,B,1,25:46:00,28:20:00,1,2,154
1st Dec,13,6,Pre-change,Chicken1,B,1,01:35,02:05,1,2,40
1st Dec,13,6,Pre-change,Chicken3,B,1,14:51:00,15:04:00,1,2,13
2nd Dec,14,9,Pre-change,Chicken2,B,1,02:21:00,03:20:00,1,2,59
2nd Dec,14,9,Pre-change,Chicken2,B,1,15:28:00,17:16:00,1,2,108
2nd Dec,14,9,Pre-change,Chicken3,B,1,14:49:00,15:56:00,1,2,67
2nd Dec,14,9,Pre-change,Chicken3,B,1,20:37:00,22:24:00,1,2,107
2nd Dec,14,9,Pre-change,Chicken3,B,1,28:43:00,30:00:00,1,2,77
2nd Dec,14,9,Pre-change,Chicken4,B,1,15:28:00,17:16:00,1,2,
4th Dec,16,12,Pre-change,Chicken2,O,0,09:19:00,09:41:00,1,2,22
4th Dec,16,12,Pre-change,Chicken2,B,1,03:59:00,04:11:00,0,2,12
4th Dec,16,12,Pre-change,Chicken4,O,0,28:37:00,30:00:00,1,2,83
4th Dec,16,13,Pre-change,Chicken1,B,1,00:05:00,01:13,1,2,68
8th Dec,20,16,Post-change,Chicken3,O,0,00:06:00,01:19,1,2,73
8th Dec,20,17,Post-change,Chicken3,O,0,08:43:00,09:37:00,1,2,54
9th Dec,21,19,Post-change,Chicken3,O,0,01:59:00,02:11:00,1,2,12
11th Dec,23,22,Post-change,Chicken2,B,1,02:48:00,03:02:00,1,2,14
11th Dec,23,22,Post-change,Chicken3,O,0,08:43:00,09:00:00,1,2,17
11th Dec,23,22,Post-change,Chicken4,B,1,05:37,05:51,1,2,14
11th Dec,23,22,Post-change,Chicken4,B,1,09:55,10:05,1,2,10
11th Dec,23,23,Post-change,Chicken3,B,1,08:18:00,08:41:00,1,2,23
11th Dec,23,23,Post-change,Chicken4,B,1,29:11:00,29:29:00,1,2,18
12th Dec,24,24,Post-change,Chicken1,B,1,00:26:00,00:44:00,1,2,18
12th Dec,24,24,Post-change,Chicken1,B,1,05:14:00,05:35:00,1,2,21
12th Dec,24,24,Post-change,Chicken2,O,0,20:55:00,21:29:00,1,2,34
12th Dec,24,24,Post-change,Chicken3,O,0,25:12:00,25:45:00,1,2,33
12th Dec,24,24,Post-change,Chicken4,B,1,26:24:00,26:53:00,1,2,29
25th Nov,7,2,Pre-change,Chicken1,B,1,05:32:00,05:56:00,1,3,24
26th Nov,8,3,Pre-change,Chicken3,B,1,15:55:00,18:10:00,1,3,02:15:00
28th Nov,10,5,Pre-change,Chicken1,B,1,29:05:00,29:51:00,1,3,46
28th Nov,10,5,Pre-change,Chicken4,B,1,02:58:00,04:48:00,0,3,110
2nd Dec,14,9,Pre-change,Chicken2,B,1,01:09:00,01:12:00,0,3,
3rd Dec,15,11,Pre-change,Chicken1,B,1,09:45:00,09:58:00,1,3,13
11th Dec,23,22,Post-change,Chicken1,B,1,12:15:00,12:52:00,1,3,37
11th Dec,23,22,Post-change,Chicken2,B,1,07:11:00,07:39:00,1,3,28
11th Dec,23,22,Post-change,Chicken3,B,1,28:19:00,28:53:00,1,3,34
11th Dec,23,23,Post-change,Chicken1,B,1,08:54:00,09:27,1,3,33
25th Nov,7,2,Pre-change,Chicken1,B,1,27:00:00,30:00:00,1,4,180
28th Nov,10,5,Pre-change,Chicken4,B,1,26:55:00,28:17:00,1,4,82
5th Dec,17,14,Pre-change,Chicken3,B,1,25:01:00,25:35:00,1,4,34
5th Dec,17,15,Pre-change,Chicken4,B,1,07:24:00,07:53:00,1,4,29
8th Dec,20,16,Post-change,Chicken1,B,1,19:35:00,20:15,1,4,40
11th Dec,23,22,Post-change,Chicken4,B,1,23:21:00,23:39:00,1,4,18
11th Dec,23,23,Post-change,Chicken4,B,1,03:07:00,04:36:00,1,4,89
25th Nov,7,2,Pre-change,Chicken3,B,1,05:19:00,06:00:00,1,5,00:41:00
25th Nov,7,2,Pre-change,Chicken3,B,1,28:40:00,29:58:00,1,5,01:18:00
26th Nov,8,3,Pre-change,Chicken2,B,1,02:40:00,04:31:00,1,5,01:51:00
28th Nov,10,5,Pre-change,Chicken4,B,1,28:33:00,29:24:00,1,5,51
26th Nov,8,3,Pre-change,Chicken1,B,1,02:35:00,06:26:00,1,6,231
26th Nov,8,3,Pre-change,Chicken1,B,1,06:35:00,10:28:00,1,6,233
26th Nov,8,3,Pre-change,Chicken4,B,1,02:28:00,06:18:00,1,6,230
28th Nov,10,5,Pre-change,Chicken1,B,1,27:30:00,28:28:00,1,6,58
2nd Dec,14,9,Pre-change,Chicken1,B,1,14:35:00,15:54:00,1,6,79
5th Dec,17,15,Pre-change,Chicken1,B,1,03:45:00,04:54,1,6,69
11th Dec,23,23,Post-change,Chicken1,B,1,03:04:00,04:08:00,1,6,64
25th Nov,7,2,Pre-change,Chicken2,B,1,05:35:00,07:28:00,1,7,113
26th Nov,8,3,Pre-change,Chicken3,B,1,02:40:00,05:20:00,1,7,02:40:00
26th Nov,8,3,Pre-change,Chicken3,B,1,05:34:00,10:28:00,1,7,04:54:00
2nd Dec,14,9,Pre-change,Chicken3,B,1,24:14:00,27:12:00,1,7,178
11th Dec,23,22,Post-change,Chicken3,B,1,00:32:00,01:13:00,1,7,41
11th Dec,23,22,Post-change,Chicken4,B,1,07:30,08:14,1,7,44
11th Dec,23,23,Post-change,Chicken1,B,1,28:52:00,29:18:00,1,7,26
26th Nov,8,3,Pre-change,Chicken4,B,1,06:30:00,10:45:00,1,8,255
11th Dec,23,22,Post-change,Chicken1,B,1,28:25:00,28:56:00,1,8,31
11th Dec,23,23,Post-change,Chicken4,B,1,05:52:00,07:19:00,1,8,87
11th Dec,23,22,Post-change,Chicken1,B,1,05:05:00,05:59:00,1,9,54
26th Nov,8,3,Pre-change,Chicken2,B,1,06:38:00,08:43:00,1,10,02:05:00
11th Dec,23,23,Post-change,Chicken2,B,1,04:55,06:50,1,11,115
11th Dec,23,23,Post-change,Chicken1,B,1,05:23:00,06:58:00,1,15,95
12th Dec,24,24,Post-change,Chicken2,B,1,09:18:00,10:38:00,1,16,80
11th Dec,23,22,Post-change,Chicken1,B,1,02:21:00,03:40:00,1,21,79
2nd Dec,14,9,Pre-change,Chicken2,B,1,04:29:00,05:33:00,1,-,64
25th Nov,7,1,Pre-change,Chicken1,O,0,24:09:00,24:21:00,0,N/A,14
25th Nov,7,1,Pre-change,Chicken1,B,1,18:53:00,23:28:00,1,N/A,275
25th Nov,7,1,Pre-change,Chicken1,B,1,24:23:00,26:07:00,0,N/A,76
25th Nov,7,1,Pre-change,Chicken2,B,1,18:53:00,23:50:00,1,N/A,297
25th Nov,7,1,Pre-change,Chicken2,B,1,24:23:00,24:37:00,1,N/A,14
25th Nov,7,1,Pre-change,Chicken2,B,1,24:56:00,28:39:00,1,N/A,223
28th Nov,10,5,Pre-change,Chicken4,B,1,19:53:00,N/A,N/A,N/A,N/A
25th Nov,7,1,Pre-change,Chicken4,B,1,19:16:00,24:21:00,1,,/
25th Nov,7,1,Pre-change,Chicken4,B,1,24:23:00,30:00:00,1,,337
